folder,face_0,face_1,face_2,face_3,face_4,glass,beard
0190220122119_58-0-292-784.jpg,0.0,0.0,0.0,1.0,0.0,1000,1000
0190220122122_01-9-319-833.jpg,0.0,0.0,0.0,0.0,1.0,1000,1000
0190220122123_25-6-323-977.jpg,0.0,0.0,0.0,1.0,0.0,1000,1000
0190220122126_37-14-364-1050.jpg,0.0,0.0,0.0,0.0,1.0,1000,1000
0190220122127_51-22-371-1087.jpg,0.0,0.0,0.0,1.0,0.0,1000,1000
0190220122207_03-0-286-958.jpg,0.0,0.0,0.0,0.0,1.0,0,0
0190220122208_14-4-297-998.jpg,0.0,0.0,0.0,1.0,0.0,0,0
0190220122209_22-5-317-1054.jpg,0.0,0.0,0.0,1.0,0.0,1000,1
0190220122210_33-86-490-1002.jpg,0.0,0.0,0.0,1.0,0.0,0,1000
0190220122215_63-162-609-778.jpg,0.0,0.0,0.0,0.0,1.0,0,1
0190220122215_63-228-731-1267.jpg,0.0,0.0,0.0,1.0,0.0,1000,1000
0190220122216_92-194-650-729.jpg,0.0,0.0,0.0,0.0,1.0,1,1
0190220122216_92-229-731-1265.jpg,0.0,0.0,0.0,0.0,1.0,1000,1000
0190220122218_15-216-717-676.jpg,0.0,0.0,0.0,0.0,1.0,0,0
0190220122219_37-234-759-643.jpg,0.0,0.0,0.0,1.0,0.0,1,1000
0190220122220_54-264-803-610.jpg,0.0,0.0,0.0,0.0,1.0,1000,1000
0190220122221_7-290-841-512.jpg,0.0,0.0,0.0,0.0,1.0,1000,1000
0190220122222_87-243-742-1190.jpg,0.0,0.0,0.0,1.0,0.0,1000,1000
0190220122224_04-242-741-1188.jpg,0.0,0.0,0.0,0.0,1.0,1000,1000
0190220122225_19-299-834-595.jpg,0.0,0.0,0.0,0.0,1.0,1000,1000
0190220122225_19-625-1073-1920.jpg,0.0,0.0,0.0,0.0,1.0,1000,1000
0190220122226_38-627-1080-1919.jpg,0.0,0.0,0.0,0.0,1.0,1000,1000
0190220122227_49-644-1078-1919.jpg,0.0,0.0,0.0,1.0,0.0,1000,1000
0190220122249_23-111-424-1140.jpg,0.0,0.0,0.0,1.0,0.0,1000,1000
0190220122249_23-607-1080-1106.jpg,0.0,0.0,0.0,1.0,0.0,1000,1000
0190220122249_23-88-494-819.jpg,0.0,0.0,0.0,0.0,1.0,1000,1000
0190220122250_5-75-319-773.jpg,0.0,0.0,0.0,1.0,0.0,1,0
0190220122250_5-92-341-1137.jpg,0.0,0.0,0.0,1.0,0.0,1000,1000
0190220122256_23-21-361-696.jpg,0.0,0.0,0.0,0.0,1.0,0,0
0190220122301_78-198-596-761.jpg,0.0,0.0,0.0,1.0,0.0,1000,1000
0190220122302_96-222-600-760.jpg,0.0,0.0,0.0,1.0,0.0,0,0
0190220122304_14-238-637-783.jpg,0.0,0.0,0.0,1.0,0.0,1000,1000
0190220122305_33-158-682-1140.jpg,0.0,0.0,0.0,1.0,0.0,1,0
0190220122305_33-250-718-771.jpg,0.0,0.0,0.0,1.0,0.0,0,0
0190220122306_65-163-680-1142.jpg,0.0,0.0,0.0,1.0,0.0,1000,1000
0190220122306_65-236-717-758.jpg,0.0,0.0,0.0,1.0,0.0,1000,1000
0190220122307_93-161-677-1156.jpg,0.0,0.0,0.0,1.0,0.0,1,0
0190220122309_13-162-681-1155.jpg,0.0,0.0,0.0,1.0,0.0,1,0
0190220122309_13-232-712-731.jpg,0.0,0.0,0.0,1.0,0.0,1000,1000
0190220122310_28-162-676-1146.jpg,0.0,0.0,0.0,1.0,0.0,1,0
0190220122310_28-228-701-699.jpg,0.0,0.0,0.0,1.0,0.0,1000,1000
0190220122311_5-159-683-1142.jpg,0.0,0.0,0.0,0.0,1.0,1000,1000
0190220122317_98-7-327-801.jpg,0.0,0.0,0.0,1.0,0.0,1000,1000
0190220122319_22-1-366-1007.jpg,0.0,0.0,0.0,1.0,0.0,1000,0
0190220122319_22-18-330-780.jpg,0.0,0.0,0.0,1.0,0.0,1000,1000
0190220122319_22-68-418-903.jpg,0.0,0.0,0.0,1.0,0.0,1000,1000
0190220122320_52-31-397-754.jpg,0.0,0.0,0.0,1.0,0.0,1000,1000
0190220122320_52-56-412-923.jpg,0.0,0.0,1.0,0.0,0.0,1000,1000
0190220122320_52-7-262-1017.jpg,0.0,0.0,0.0,1.0,0.0,0,1000
0190220122321_82-0-278-858.jpg,0.0,0.0,0.0,1.0,0.0,1000,1000
0190220122321_82-1-333-999.jpg,0.0,0.0,0.0,0.0,1.0,0,0
0190220122321_82-176-671-734.jpg,0.0,0.0,0.0,1.0,0.0,0,1000
0190220122321_82-426-1039-1411.jpg,0.0,0.0,0.0,0.0,0.0,1000,1000
0190220122323_25-177-870-723.jpg,0.0,0.0,0.0,1.0,0.0,0,1000
0190220122324_59-397-1060-592.jpg,0.0,0.0,0.0,1.0,0.0,1000,1000
0190220122325_87-464-1071-494.jpg,0.0,0.0,0.0,1.0,0.0,1000,1000
0190220122325_87-90-561-943.jpg,0.0,0.0,0.0,1.0,0.0,1,0
0190220122327_3-13-476-1001.jpg,0.0,0.0,0.0,1.0,0.0,1,1000
0190220122331_84-837-1059-1895.jpg,0.0,0.0,0.0,1.0,0.0,1000,1000
0190220122338_69-14-380-811.jpg,0.0,0.0,0.0,0.0,1.0,1000,1000
0190220122339_87-25-429-812.jpg,0.0,0.0,0.0,1.0,0.0,1000,1000
0190220122341_23-101-485-1077.jpg,0.0,0.0,0.0,0.0,1.0,1000,1000
0190220122341_23-296-964-1178.jpg,0.0,0.0,0.0,0.0,1.0,1000,1000
0190220122341_23-67-432-876.jpg,0.0,0.0,1.0,0.0,0.0,0,0
0190220122342_47-311-997-1192.jpg,0.0,0.0,0.0,0.0,1.0,1000,1000
0190220122342_47-36-338-1124.jpg,0.0,0.0,0.0,0.0,1.0,1000,1000
0190220122342_47-64-428-874.jpg,0.0,0.0,0.0,1.0,0.0,1,0
0190220122343_81-31-420-1165.jpg,0.0,0.0,0.0,1.0,0.0,1000,0
0190220122343_81-343-1052-1172.jpg,0.0,0.0,0.0,0.0,1.0,1,1000
0190220122343_81-38-440-853.jpg,0.0,0.0,0.0,0.0,1.0,0,0
0190220122345_13-358-1060-1134.jpg,0.0,0.0,0.0,1.0,0.0,1000,1000
0190220122345_13-616-1069-1913.jpg,0.0,0.0,1.0,0.0,0.0,1000,1000
0190220122345_13-65-436-840.jpg,0.0,0.0,0.0,1.0,0.0,0,0
0190220122346_58-572-1073-1568.jpg,0.0,0.0,0.0,0.0,1.0,1000,1000
0190220122346_58-593-1075-1920.jpg,0.0,0.0,1.0,0.0,0.0,1000,0
0190220122346_58-96-517-929.jpg,0.0,0.0,0.0,1.0,0.0,0,0
0190220122347_94-618-1072-1916.jpg,0.0,0.0,1.0,0.0,0.0,1000,1000
0190220122347_94-693-1080-1697.jpg,0.0,0.0,0.0,0.0,1.0,1000,1000
0190220122347_94-91-514-938.jpg,0.0,0.0,0.0,0.0,1.0,1,1000
0190220122349_2-70-453-831.jpg,0.0,0.0,0.0,1.0,0.0,1,0
0190220122349_2-849-1075-1845.jpg,0.0,0.0,0.0,0.0,1.0,1000,1000
0190220122349_2-87-516-937.jpg,0.0,0.0,0.0,1.0,0.0,1,0
0190220122350_45-65-468-832.jpg,0.0,0.0,0.0,1.0,0.0,1,0
0190220122350_45-87-519-932.jpg,0.0,0.0,0.0,1.0,0.0,1,0
0190220122351_64-75-448-839.jpg,0.0,0.0,0.0,1.0,0.0,1,0
0190220122351_64-90-518-940.jpg,0.0,0.0,1.0,0.0,0.0,0,1000
0190220122352_85-16-410-1094.jpg,0.0,0.0,0.0,1.0,0.0,1000,1000
0190220122352_85-642-1068-87.jpg,0.0,0.0,0.0,0.0,1.0,1000,1000
0190220122352_85-92-517-919.jpg,0.0,0.0,0.0,1.0,0.0,0,1000
0190220122358_24-83-526-922.jpg,0.0,0.0,0.0,1.0,0.0,1000,1000
0190220122400_53-147-580-929.jpg,0.0,0.0,0.0,1.0,0.0,1000,1000
0190220122402_86-551-1080-1032.jpg,0.0,1.0,0.0,0.0,0.0,1000,1000
0190220122404_07-710-1078-1087.jpg,0.0,0.0,0.0,1.0,0.0,0,0
0190220122405_18-861-1077-1109.jpg,0.0,0.0,0.0,1.0,0.0,0,1000
0190220122429_71-179-699-734.jpg,0.0,0.0,1.0,0.0,0.0,1000,1000
0190220122435_97-524-1071-1463.jpg,0.0,0.0,0.0,1.0,0.0,1000,1000
0190220122437_3-174-665-648.jpg,0.0,0.0,0.0,1.0,0.0,1000,1000
0190220122437_3-207-767-826.jpg,0.0,0.0,0.0,1.0,0.0,1000,1000
0190220122438_45-146-655-648.jpg,0.0,0.0,0.0,1.0,0.0,1000,1000
0190220122438_45-23-318-713.jpg,0.0,0.0,0.0,1.0,0.0,1000,1000
0190220122440_73-126-579-688.jpg,0.0,0.0,0.0,1.0,0.0,1000,1000
0190220122440_73-7-298-709.jpg,0.0,0.0,0.0,1.0,0.0,1000,1000
0190220122441_92-0-312-698.jpg,0.0,0.0,0.0,1.0,0.0,1000,1000
0190220122441_92-118-562-669.jpg,0.0,0.0,0.0,1.0,0.0,0,1000
0190220122444_39-119-655-800.jpg,0.0,0.0,0.0,1.0,0.0,1000,1000
0190220122448_78-143-660-779.jpg,0.0,0.0,0.0,1.0,0.0,1000,1000
0190220122449_96-143-660-777.jpg,0.0,0.0,0.0,1.0,0.0,1000,1000
0190220122451_1-156-656-731.jpg,0.0,0.0,0.0,0.0,1.0,1,0
0190220122452_28-152-658-732.jpg,0.0,0.0,0.0,0.0,1.0,1,0
0190220122453_46-149-662-756.jpg,0.0,0.0,0.0,0.0,1.0,1,0
0190220122453_46-224-658-1072.jpg,0.0,0.0,0.0,1.0,0.0,1000,1000
0190220122453_46-510-1070-1050.jpg,0.0,0.0,0.0,0.0,1.0,1000,1000
0190220122454_69-147-659-754.jpg,0.0,0.0,0.0,0.0,1.0,1,0
0190220122454_69-232-747-1154.jpg,0.0,0.0,0.0,0.0,1.0,0,0
0190220122454_69-510-1064-1045.jpg,0.0,0.0,0.0,0.0,1.0,1000,1000
0190220122456_07-146-660-740.jpg,0.0,0.0,0.0,0.0,1.0,1,1000
0190220122456_07-232-736-1155.jpg,0.0,0.0,0.0,1.0,0.0,1000,1000
0190220122456_07-567-1074-1123.jpg,0.0,0.0,0.0,0.0,1.0,0,1000
0190220122457_39-151-654-897.jpg,0.0,0.0,0.0,1.0,0.0,1000,1000
0190220122458_57-142-653-897.jpg,0.0,0.0,0.0,0.0,1.0,1000,1000
0190220122459_74-146-642-959.jpg,0.0,0.0,0.0,0.0,1.0,1000,1000
0190220122459_74-242-773-1247.jpg,0.0,0.0,0.0,0.0,1.0,1000,1000
0190220122500_98-133-639-970.jpg,0.0,0.0,0.0,0.0,1.0,0,0
0190220122500_98-241-763-1269.jpg,0.0,0.0,0.0,1.0,0.0,1000,1000
0190220122502_26-135-631-972.jpg,0.0,0.0,0.0,0.0,1.0,1,0
0190220122503_55-140-607-993.jpg,0.0,0.0,0.0,0.0,1.0,1000,0
0190220122503_55-161-789-963.jpg,0.0,0.0,0.0,0.0,1.0,1000,1000
0190220122505_94-131-625-929.jpg,0.0,0.0,0.0,0.0,1.0,1,0
0190220122509_22-175-699-865.jpg,0.0,0.0,0.0,1.0,0.0,1000,1000
0190220122510_35-152-709-865.jpg,0.0,0.0,0.0,1.0,0.0,1000,1000
0190220122511_58-167-705-861.jpg,0.0,0.0,0.0,1.0,0.0,1000,1000
0190220122520_12-123-589-615.jpg,0.0,0.0,0.0,1.0,0.0,0,0
0190220122521_24-270-887-672.jpg,0.0,0.0,0.0,0.0,1.0,1000,1000
0190220122521_24-275-791-1287.jpg,0.0,0.0,0.0,0.0,1.0,1,0
0190220122521_24-312-587-1013.jpg,0.0,0.0,0.0,0.0,1.0,1000,1000
0190220122521_24-635-1073-1652.jpg,0.0,0.0,0.0,0.0,1.0,1000,1000
0190220122522_67-245-880-660.jpg,0.0,0.0,0.0,0.0,1.0,1000,1000
0190220122522_67-328-687-1083.jpg,0.0,0.0,0.0,0.0,1.0,1000,1000
0190220122522_67-328-922-1366.jpg,0.0,0.0,0.0,1.0,0.0,0,0
0190220122522_67-565-1066-1497.jpg,0.0,0.0,0.0,0.0,1.0,0,0
0190220122522_67-745-1076-1795.jpg,0.0,0.0,0.0,0.0,1.0,1000,1000
0190220122524_14-350-925-1150.jpg,0.0,0.0,0.0,0.0,1.0,1000,0
0190220122524_14-424-1032-1434.jpg,0.0,0.0,0.0,0.0,1.0,1000,0
0190220122524_14-618-1077-1588.jpg,0.0,0.0,0.0,0.0,1.0,0,0
0190220122525_47-398-935-1236.jpg,0.0,0.0,0.0,0.0,1.0,1000,1000
0190220122525_47-526-1024-1546.jpg,0.0,0.0,0.0,1.0,0.0,1000,1000
0190220122525_47-738-1077-1664.jpg,0.0,0.0,0.0,1.0,0.0,0,0
0190220122526_81-478-986-1333.jpg,0.0,0.0,0.0,0.0,1.0,1000,1000
0190220122526_81-647-1080-1619.jpg,0.0,0.0,0.0,1.0,0.0,0,0
0190220122526_81-889-1080-1713.jpg,0.0,0.0,0.0,1.0,0.0,0,0
0190220122528_11-168-682-796.jpg,0.0,0.0,0.0,1.0,0.0,1000,1000
0190220122528_11-563-1067-1428.jpg,0.0,0.0,0.0,0.0,1.0,1000,1000
0190220122529_43-618-1070-1500.jpg,0.0,0.0,0.0,0.0,1.0,1000,1000
0190220122530_58-150-429-967.jpg,0.0,0.0,0.0,1.0,0.0,1000,1000
0190220122530_58-726-1080-1571.jpg,0.0,0.0,0.0,1.0,0.0,1000,1000
0190220122531_82-133-414-914.jpg,0.0,0.0,0.0,1.0,0.0,1000,1000
0190220122531_82-830-1074-1626.jpg,0.0,0.0,0.0,0.0,1.0,1000,1000
0190220122557_8-46-378-981.jpg,0.0,0.0,0.0,1.0,0.0,1000,1000
0190220122600_04-46-386-965.jpg,0.0,0.0,0.0,1.0,0.0,0,1
0190220122600_04-53-405-945.jpg,0.0,0.0,0.0,1.0,0.0,1000,1000
0190220122601_16-139-579-1059.jpg,0.0,0.0,1.0,0.0,0.0,1,0
0190220122601_16-258-772-1295.jpg,0.0,0.0,0.0,0.0,1.0,1,0
0190220122602_34-164-629-1143.jpg,0.0,0.0,0.0,1.0,0.0,1,0
0190220122602_34-291-810-1353.jpg,0.0,0.0,0.0,0.0,1.0,1000,1000
0190220122603_52-192-682-1244.jpg,0.0,0.0,0.0,0.0,1.0,1,1000
0190220122604_67-216-720-1272.jpg,0.0,0.0,0.0,0.0,1.0,1000,1000
0190220122605_8-222-733-1253.jpg,0.0,0.0,0.0,0.0,1.0,1000,1000
0190220122606_97-227-727-1276.jpg,0.0,0.0,0.0,0.0,1.0,1000,1000
0190220122608_08-225-720-1290.jpg,0.0,0.0,0.0,1.0,0.0,0,1
0190220122609_26-231-871-1338.jpg,0.0,0.0,0.0,0.0,1.0,1000,1000
0190220122610_34-229-871-1331.jpg,0.0,0.0,0.0,0.0,1.0,1000,1000
0190220122611_47-226-875-1327.jpg,0.0,0.0,0.0,0.0,1.0,1000,1000
0190220122612_63-221-870-1330.jpg,0.0,0.0,0.0,0.0,1.0,1,0
0190220122613_73-233-871-1333.jpg,0.0,0.0,0.0,0.0,1.0,1000,1000
0190220122614_85-196-868-1312.jpg,0.0,0.0,0.0,1.0,0.0,0,0
0190220122615_92-198-687-1185.jpg,0.0,0.0,0.0,0.0,1.0,1,1000
0190220122615_92-238-774-1238.jpg,0.0,0.0,0.0,1.0,0.0,1000,1000
0190220122617_13-206-694-1139.jpg,0.0,0.0,0.0,0.0,1.0,1,1000
0190220122618_29-199-695-1126.jpg,0.0,0.0,0.0,0.0,1.0,1000,1000
0190220122627_6-1-331-901.jpg,0.0,0.0,0.0,1.0,0.0,1000,1000
0190220122628_77-2-351-947.jpg,0.0,0.0,0.0,0.0,1.0,1000,1000
0190220122628_77-40-385-1158.jpg,0.0,0.0,0.0,0.0,0.0,1000,1000
0190220122629_99-4-360-1025.jpg,0.0,0.0,0.0,1.0,0.0,1000,1000
0190220122631_17-12-385-1080.jpg,0.0,0.0,0.0,1.0,0.0,1000,1000
0190220122635_47-37-432-718.jpg,0.0,0.0,0.0,0.0,1.0,1,0
0190220122636_59-78-466-781.jpg,0.0,0.0,0.0,0.0,1.0,1,0
0190220122637_69-119-508-833.jpg,0.0,0.0,0.0,0.0,1.0,1000,0
0190220122638_92-479-915-1281.jpg,0.0,0.0,0.0,0.0,1.0,1000,1000
0190220122640_16-571-1010-1302.jpg,0.0,0.0,0.0,0.0,1.0,1000,1000
0190220122641_32-583-1044-1377.jpg,0.0,0.0,0.0,0.0,1.0,1000,1000
0190220122642_44-579-1073-1474.jpg,0.0,0.0,0.0,0.0,1.0,1000,1000
0190220122643_6-573-1071-1508.jpg,0.0,0.0,0.0,0.0,1.0,1000,0
0190220122644_7-306-868-794.jpg,0.0,0.0,0.0,1.0,0.0,0,0
0190220122644_7-343-922-536.jpg,0.0,0.0,0.0,1.0,0.0,1000,1000
0190220122645_0-360-1044-926.jpg,0.0,0.0,0.0,0.0,1.0,0,0
0190220122645_0-390-998-586.jpg,0.0,0.0,0.0,0.0,1.0,1000,1000
0190220122647_32-313-892-476.jpg,0.0,0.0,0.0,0.0,1.0,1000,1000
0190220122647_32-336-876-939.jpg,0.0,0.0,0.0,1.0,0.0,1000,0
0190220122647_32-413-1060-1005.jpg,0.0,0.0,0.0,0.0,1.0,1000,1000
0190220122647_32-416-1051-615.jpg,0.0,0.0,0.0,0.0,1.0,1000,1000
0190220122648_7-328-900-589.jpg,0.0,0.0,0.0,0.0,1.0,1,0
0190220122648_7-368-1030-636.jpg,0.0,0.0,0.0,0.0,1.0,1,0
0190220122648_7-430-1049-693.jpg,0.0,0.0,0.0,0.0,1.0,1000,1000
0190220122648_7-465-1067-1000.jpg,0.0,0.0,0.0,0.0,1.0,1000,1000
0190220122650_05-191-696-701.jpg,0.0,0.0,0.0,0.0,1.0,0,1
0190220122650_05-583-1075-491.jpg,0.0,0.0,0.0,0.0,1.0,1000,1000
0190220122651_22-206-700-692.jpg,0.0,0.0,0.0,0.0,1.0,0,1
0190220122651_22-651-1078-512.jpg,0.0,0.0,0.0,0.0,1.0,1000,0
0190220122652_51-211-702-679.jpg,0.0,0.0,0.0,0.0,1.0,1000,1000
0190220122652_51-731-1074-445.jpg,0.0,0.0,0.0,1.0,0.0,1000,0
0190220122653_72-166-699-1048.jpg,0.0,0.0,0.0,0.0,1.0,1000,1000
0190220122654_88-184-733-899.jpg,0.0,0.0,0.0,1.0,0.0,1000,1000
0190220122802_64-137-785-620.jpg,0.0,0.0,0.0,0.0,1.0,1,0
0190220122803_88-157-800-662.jpg,0.0,0.0,0.0,0.0,1.0,0,1000
0190220122805_08-293-841-763.jpg,0.0,0.0,0.0,0.0,1.0,0,0
0190220122806_19-733-1070-1223.jpg,0.0,0.0,0.0,0.0,1.0,0,1000
0190220122807_33-842-1070-1367.jpg,0.0,0.0,0.0,1.0,0.0,1000,1000
0190220122852_95-720-1075-1735.jpg,0.0,0.0,0.0,0.0,1.0,1000,1000
0190220122933_17-7-306-1063.jpg,0.0,0.0,0.0,1.0,0.0,1,1000
0190220122934_3-8-320-1104.jpg,0.0,0.0,0.0,0.0,1.0,1,1000
0190220122935_4-18-335-1084.jpg,0.0,0.0,0.0,0.0,1.0,0,0
0190220122936_55-19-348-1053.jpg,0.0,0.0,1.0,0.0,0.0,1000,0
0190220122936_55-2-307-707.jpg,0.0,0.0,0.0,1.0,0.0,1000,1000
0190220122937_79-2-319-688.jpg,0.0,0.0,0.0,1.0,0.0,1,1000
0190220122937_79-26-358-1037.jpg,0.0,0.0,0.0,1.0,0.0,1000,1000
0190220122937_79-799-1071-1865.jpg,0.0,0.0,0.0,1.0,0.0,1000,1000
0190220122938_96-31-363-1040.jpg,0.0,0.0,0.0,1.0,0.0,1000,1000
0190220122938_96-8-323-704.jpg,0.0,0.0,0.0,0.0,1.0,1,0
0190220122943_3-15-338-690.jpg,0.0,0.0,0.0,1.0,0.0,1000,1000
0190220122943_3-21-232-1044.jpg,0.0,0.0,0.0,1.0,0.0,1000,1000
0190220122944_57-15-409-715.jpg,0.0,0.0,0.0,1.0,0.0,1000,0
0190220122945_72-128-530-953.jpg,0.0,0.0,0.0,1.0,0.0,1000,1000
0190220122945_72-14-427-714.jpg,0.0,0.0,1.0,0.0,0.0,1000,1000
0190220122946_97-144-596-897.jpg,0.0,0.0,0.0,0.0,1.0,1,1000
0190220122946_97-68-461-726.jpg,0.0,0.0,0.0,1.0,0.0,0,0
0190220122948_31-218-793-706.jpg,0.0,0.0,0.0,1.0,0.0,0,1000
0190220122948_31-270-855-543.jpg,0.0,0.0,0.0,1.0,0.0,1000,1000
0190220122949_49-229-821-673.jpg,0.0,0.0,0.0,1.0,0.0,1000,1000
0190220122959_7-635-1077-540.jpg,0.0,0.0,0.0,1.0,0.0,1000,1000
0190220123000_78-562-1069-564.jpg,0.0,0.0,1.0,0.0,0.0,1000,1000
0190220123016_92-119-400-1081.jpg,0.0,0.0,0.0,0.0,1.0,1,1000
0190220123016_92-340-1053-614.jpg,0.0,0.0,0.0,1.0,0.0,1000,1000
0190220123018_21-114-389-1084.jpg,0.0,0.0,0.0,1.0,0.0,1000,1000
0190220123018_21-312-1009-642.jpg,0.0,0.0,0.0,1.0,0.0,1000,1000
0190220123019_43-111-521-829.jpg,0.0,0.0,1.0,0.0,0.0,0,0
0190220123019_43-118-392-1030.jpg,0.0,0.0,0.0,1.0,0.0,0,0
0190220123019_43-284-898-766.jpg,0.0,0.0,0.0,1.0,0.0,1000,1000
0190220123020_61-106-564-828.jpg,0.0,0.0,0.0,0.0,1.0,0,0
0190220123020_61-257-860-721.jpg,0.0,0.0,0.0,1.0,0.0,1000,1000
0190220123021_96-94-551-831.jpg,0.0,0.0,1.0,0.0,0.0,1,0
0190220123025_45-13-209-865.jpg,0.0,0.0,0.0,1.0,0.0,1000,1000
0190220123025_45-71-639-841.jpg,0.0,0.0,0.0,1.0,0.0,1000,1000
0190220123026_58-74-617-822.jpg,0.0,0.0,0.0,1.0,0.0,1000,1000
0190220123027_84-77-600-833.jpg,0.0,0.0,0.0,1.0,0.0,1000,1000
0190220123033_36-641-987-1646.jpg,0.0,0.0,0.0,1.0,0.0,1000,1000
0190220123037_94-130-526-697.jpg,0.0,0.0,0.0,0.0,1.0,0,0
0190220123037_94-21-351-746.jpg,0.0,0.0,0.0,0.0,1.0,0,0
0190220123037_94-74-457-721.jpg,0.0,0.0,0.0,0.0,1.0,1,0
0190220123039_19-45-457-746.jpg,0.0,0.0,0.0,0.0,1.0,1,0
0190220123040_39-181-657-745.jpg,0.0,0.0,0.0,0.0,1.0,1,1000
0190220123040_39-66-291-762.jpg,1.0,0.0,0.0,0.0,0.0,1,0
0190220123041_59-104-339-778.jpg,0.0,0.0,0.0,0.0,1.0,1,0
0190220123041_59-232-717-783.jpg,0.0,0.0,0.0,0.0,1.0,1,0
0190220123042_81-145-419-796.jpg,0.0,0.0,0.0,0.0,1.0,0,1
0190220123042_81-268-827-795.jpg,0.0,0.0,0.0,0.0,1.0,0,1
0190220123044_0-280-718-904.jpg,0.0,0.0,0.0,0.0,1.0,0,0
0190220123044_0-560-1066-892.jpg,0.0,0.0,0.0,1.0,0.0,0,0
0190220123045_31-783-1077-1147.jpg,0.0,0.0,1.0,0.0,0.0,1000,1000
0190220123103_65-27-422-729.jpg,0.0,0.0,0.0,1.0,0.0,1000,1000
0190220123104_77-35-405-732.jpg,0.0,0.0,0.0,1.0,0.0,1000,1000
0190220123104_77-578-1065-1919.jpg,0.0,0.0,0.0,1.0,0.0,1000,1000
0190220123105_99-107-587-929.jpg,0.0,0.0,0.0,0.0,1.0,0,0
0190220123107_14-126-644-926.jpg,0.0,0.0,0.0,1.0,0.0,0,0
0190220123108_29-167-707-950.jpg,0.0,0.0,0.0,0.0,1.0,0,0
0190220123108_29-645-1076-1917.jpg,0.0,0.0,0.0,0.0,1.0,1000,1000
0190220123109_5-473-1063-974.jpg,0.0,0.0,0.0,1.0,0.0,1000,1000
0190220123110_61-550-1075-1078.jpg,0.0,0.0,0.0,1.0,0.0,1000,1000
0190220123116_8-608-1080-1920.jpg,0.0,0.0,1.0,0.0,0.0,1000,1000
0190220123139_64-264-609-1176.jpg,0.0,0.0,0.0,1.0,0.0,0,0
0190220123139_64-918-1077-419.jpg,0.0,0.0,0.0,1.0,0.0,0,0
0190220123140_82-954-1080-377.jpg,0.0,0.0,0.0,1.0,0.0,0,0
0190220123141_97-269-802-1286.jpg,0.0,0.0,0.0,0.0,1.0,1000,1000
0190220123141_97-981-1078-367.jpg,0.0,0.0,0.0,1.0,0.0,1000,1000
0190220123157_71-107-467-982.jpg,0.0,0.0,0.0,1.0,0.0,1000,1000
0190220123158_91-120-507-943.jpg,0.0,0.0,0.0,1.0,0.0,1,0
0190220123200_06-440-1072-814.jpg,0.0,0.0,0.0,1.0,0.0,0,0
0190220123201_21-490-1072-816.jpg,0.0,0.0,0.0,0.0,1.0,1,0
0190220123222_72-8-360-963.jpg,0.0,0.0,0.0,0.0,1.0,0,0
0190220123243_07-158-533-873.jpg,0.0,0.0,0.0,0.0,1.0,1000,1000
0190220123244_27-182-581-897.jpg,0.0,0.0,0.0,0.0,1.0,1000,1000
0190220123245_41-218-639-897.jpg,0.0,0.0,0.0,0.0,1.0,1000,1000
0190220123246_65-251-704-905.jpg,0.0,0.0,0.0,0.0,1.0,1,0
0190220123247_86-298-785-897.jpg,0.0,0.0,0.0,0.0,1.0,1000,1000
0190220123249_0-337-870-913.jpg,0.0,0.0,0.0,0.0,1.0,1000,1000
0190220123250_19-447-1018-896.jpg,0.0,0.0,0.0,1.0,0.0,1000,1000
0190220123251_37-470-1053-894.jpg,0.0,0.0,0.0,1.0,0.0,1000,1000
0190220123252_5-495-1066-893.jpg,0.0,0.0,0.0,1.0,0.0,1000,1000
0190220123254_83-533-1054-833.jpg,0.0,0.0,0.0,1.0,0.0,1000,1000
0190220123320_95-156-615-735.jpg,0.0,0.0,0.0,0.0,1.0,0,0
0190220123322_05-166-639-704.jpg,0.0,0.0,0.0,0.0,1.0,0,0
0190220123331_33-87-747-802.jpg,0.0,0.0,0.0,1.0,0.0,1000,1000
0190220123333_58-67-443-901.jpg,0.0,0.0,0.0,0.0,0.0,1000,1000
0190220123336_77-51-442-894.jpg,0.0,0.0,0.0,1.0,0.0,1000,1000
0190220123337_99-54-441-901.jpg,0.0,0.0,0.0,1.0,0.0,1000,1000
0190220123339_15-56-443-911.jpg,0.0,0.0,0.0,0.0,1.0,1000,1000
0190220123340_37-56-443-910.jpg,0.0,0.0,0.0,1.0,0.0,1000,1000
0190220123342_59-156-468-977.jpg,0.0,0.0,1.0,0.0,0.0,1000,1000
0190220123342_59-27-423-1109.jpg,0.0,0.0,0.0,0.0,1.0,0,0
0190220123342_59-33-363-806.jpg,0.0,0.0,0.0,1.0,0.0,1,0
0190220123343_87-177-503-961.jpg,0.0,0.0,0.0,0.0,1.0,1000,1000
0190220123343_87-34-322-790.jpg,0.0,0.0,0.0,0.0,1.0,1,0
0190220123343_87-48-447-1078.jpg,0.0,0.0,0.0,0.0,1.0,1,0
0190220123345_17-207-539-975.jpg,0.0,0.0,0.0,0.0,1.0,1,0
0190220123345_17-44-360-815.jpg,0.0,0.0,0.0,1.0,0.0,1,0
0190220123345_17-58-501-1076.jpg,0.0,0.0,0.0,0.0,1.0,1,0
0190220123346_5-237-588-997.jpg,0.0,0.0,0.0,1.0,0.0,0,0
0190220123346_5-54-363-815.jpg,0.0,0.0,0.0,0.0,1.0,0,0
0190220123346_5-83-534-1093.jpg,0.0,0.0,0.0,0.0,1.0,1,0
0190220123347_84-109-563-1107.jpg,0.0,0.0,0.0,1.0,0.0,1,0
0190220123347_84-226-746-796.jpg,0.0,0.0,0.0,1.0,0.0,1000,1000
0190220123347_84-272-645-1028.jpg,0.0,0.0,0.0,0.0,1.0,0,0
0190220123347_84-52-400-820.jpg,0.0,0.0,0.0,1.0,0.0,0,0
0190220123349_2-130-611-1138.jpg,0.0,0.0,0.0,0.0,1.0,1,0
0190220123349_2-230-745-797.jpg,0.0,0.0,0.0,1.0,0.0,1000,1000
0190220123349_2-296-698-1021.jpg,0.0,0.0,0.0,1.0,0.0,0,1
0190220123349_2-76-453-834.jpg,0.0,0.0,0.0,1.0,0.0,1,0
0190220123350_52-152-450-1130.jpg,0.0,0.0,0.0,0.0,1.0,1,0
0190220123350_52-270-901-1270.jpg,0.0,0.0,0.0,1.0,0.0,1,0
0190220123350_52-329-750-1008.jpg,0.0,0.0,0.0,0.0,1.0,0,0
0190220123350_52-75-445-857.jpg,0.0,0.0,0.0,1.0,0.0,1000,1000
0190220123351_95-180-469-1140.jpg,0.0,0.0,0.0,0.0,1.0,1,0
0190220123351_95-326-986-1152.jpg,0.0,0.0,0.0,0.0,1.0,0,0
0190220123351_95-364-810-944.jpg,0.0,0.0,0.0,0.0,1.0,1000,1000
0190220123351_95-74-452-844.jpg,0.0,0.0,0.0,1.0,0.0,1000,1000
0190220123353_32-224-764-1161.jpg,0.0,0.0,0.0,0.0,1.0,1,0
0190220123353_32-366-1059-1062.jpg,0.0,0.0,0.0,1.0,0.0,1,0
0190220123353_32-74-457-828.jpg,0.0,0.0,0.0,0.0,1.0,1,1000
0190220123354_65-239-582-791.jpg,0.0,0.0,0.0,1.0,0.0,1000,1000
0190220123354_65-258-844-1214.jpg,0.0,0.0,0.0,0.0,1.0,1,1000
0190220123354_65-437-1060-949.jpg,0.0,0.0,0.0,0.0,1.0,1000,1000
0190220123354_65-469-938-1059.jpg,0.0,0.0,0.0,0.0,1.0,1000,1000
0190220123354_65-63-450-828.jpg,0.0,0.0,0.0,1.0,0.0,1,0
0190220123356_03-284-845-1246.jpg,0.0,0.0,0.0,0.0,1.0,1,0
0190220123356_03-380-931-1198.jpg,0.0,0.0,0.0,0.0,1.0,1000,1000
0190220123356_03-460-1063-844.jpg,0.0,0.0,0.0,1.0,0.0,1000,1000
0190220123356_03-496-993-1134.jpg,0.0,0.0,0.0,1.0,0.0,0,1
0190220123356_03-73-437-844.jpg,0.0,0.0,0.0,1.0,0.0,1000,1000
0190220123357_58-681-1063-1517.jpg,0.0,0.0,0.0,1.0,0.0,1000,1000
0190220123357_58-98-502-993.jpg,0.0,0.0,0.0,0.0,1.0,1000,0
0190220123359_05-571-1080-1103.jpg,0.0,0.0,0.0,1.0,0.0,1000,1000
0190220123359_05-97-498-1024.jpg,0.0,0.0,0.0,0.0,1.0,1000,1000
0190220123400_54-168-658-1258.jpg,0.0,0.0,0.0,0.0,1.0,0,1000
0190220123400_54-832-1080-1786.jpg,0.0,0.0,0.0,0.0,1.0,1,0
0190220123401_74-180-665-1288.jpg,0.0,0.0,0.0,0.0,1.0,0,0
0190220123402_88-186-666-1284.jpg,0.0,0.0,0.0,0.0,1.0,0,0
0190220123407_17-647-1067-1920.jpg,0.0,0.0,0.0,0.0,1.0,1000,1000
0190220123414_44-134-585-1240.jpg,0.0,0.0,0.0,0.0,1.0,1,0
0190220123415_56-597-989-1920.jpg,0.0,0.0,0.0,1.0,0.0,1000,1000
0190220123416_71-606-1078-1920.jpg,0.0,0.0,0.0,0.0,1.0,1000,1000
0190220123434_04-219-857-619.jpg,0.0,0.0,0.0,1.0,0.0,1000,1000
0190220123434_04-890-1077-1916.jpg,0.0,0.0,0.0,1.0,0.0,1000,1000
0190220123437_49-1-299-800.jpg,0.0,0.0,0.0,0.0,1.0,1000,1000
0190220123440_72-7-343-954.jpg,0.0,0.0,0.0,1.0,0.0,1000,1000
0190220123443_92-91-494-1041.jpg,0.0,0.0,0.0,0.0,1.0,0,1000
0190220123445_06-101-537-1134.jpg,0.0,0.0,0.0,1.0,0.0,1000,1000
0190220123446_23-127-577-1241.jpg,0.0,0.0,1.0,0.0,0.0,1,0
0190220123456_22-808-1080-1869.jpg,0.0,0.0,0.0,0.0,1.0,1000,1000
0190220123507_42-825-1080-1918.jpg,0.0,0.0,0.0,1.0,0.0,1000,1000
0190220123508_46-303-853-1089.jpg,0.0,0.0,0.0,0.0,1.0,0,0
0190220123508_46-869-1076-1917.jpg,0.0,0.0,0.0,0.0,0.0,1000,1000
0190220123509_72-865-1080-1918.jpg,0.0,0.0,0.0,1.0,0.0,1000,1000
0190220123510_93-414-1038-981.jpg,0.0,0.0,0.0,0.0,1.0,0,0
0190220123510_93-852-1080-1920.jpg,0.0,0.0,0.0,1.0,0.0,1000,1000
0190220123512_21-490-1073-985.jpg,0.0,0.0,0.0,0.0,1.0,1000,1000
0190220123513_56-599-1070-999.jpg,0.0,0.0,0.0,0.0,1.0,1000,1
0190220123513_56-833-1072-1920.jpg,0.0,0.0,0.0,1.0,0.0,1000,1000
0190220123514_86-705-1080-1049.jpg,0.0,0.0,0.0,0.0,1.0,0,0
0190220123514_86-810-1074-1917.jpg,0.0,0.0,1.0,0.0,0.0,1000,1000
0190220123516_15-869-1079-1116.jpg,0.0,0.0,0.0,0.0,1.0,1000,0
0190220123519_31-50-473-957.jpg,0.0,0.0,0.0,0.0,1.0,1,0
0190220123520_45-55-505-965.jpg,0.0,0.0,0.0,0.0,1.0,0,0
0190220123521_63-664-1068-1920.jpg,0.0,0.0,0.0,0.0,1.0,1000,1000
0190220123521_63-75-537-1032.jpg,0.0,0.0,0.0,0.0,1.0,0,0
0190220123522_89-627-1076-1916.jpg,0.0,0.0,0.0,1.0,0.0,1000,1000
0190220123522_89-95-583-1011.jpg,0.0,0.0,0.0,0.0,1.0,0,0
0190220123524_12-126-647-1044.jpg,0.0,0.0,0.0,0.0,1.0,0,0
0190220123525_33-165-713-1054.jpg,0.0,0.0,0.0,0.0,1.0,0,0
0190220123526_46-197-794-1079.jpg,0.0,0.0,0.0,0.0,1.0,0,0
0190220123527_57-266-906-1030.jpg,0.0,0.0,0.0,0.0,1.0,0,0
0190220123528_74-265-760-1037.jpg,0.0,0.0,0.0,0.0,1.0,0,0
0190220123529_91-255-737-1045.jpg,1.0,0.0,0.0,0.0,0.0,0,0
0190220123529_91-315-952-1044.jpg,1.0,0.0,0.0,0.0,0.0,0,0
0190220123529_91-508-1076-1046.jpg,1.0,0.0,0.0,0.0,0.0,1000,1000
0190220123531_13-615-1080-1067.jpg,0.0,0.0,0.0,0.0,1.0,1000,0
0190220123532_3-719-1075-1157.jpg,0.0,0.0,0.0,0.0,1.0,0,0
0190220123552_51-574-1080-1920.jpg,0.0,0.0,0.0,1.0,0.0,1000,0
0190220123556_68-176-600-626.jpg,0.0,0.0,0.0,0.0,1.0,1,0
0190220123557_8-202-640-752.jpg,0.0,0.0,0.0,0.0,1.0,1,0
0190220123558_95-240-722-859.jpg,0.0,0.0,1.0,0.0,0.0,1,0
0190220123600_14-289-813-945.jpg,0.0,0.0,0.0,0.0,1.0,1,0
0190220123601_3-336-899-1065.jpg,0.0,0.0,0.0,0.0,1.0,1000,1000
0190220123602_44-391-917-1194.jpg,0.0,0.0,0.0,0.0,1.0,1,0
0190220123603_51-529-1076-1465.jpg,0.0,0.0,0.0,0.0,1.0,1000,1000
0190220123604_54-530-1067-1470.jpg,0.0,0.0,0.0,0.0,0.0,1000,1000
0190220123606_85-573-1075-1456.jpg,0.0,0.0,0.0,0.0,1.0,1,0
0190220123607_94-705-1080-1918.jpg,0.0,0.0,0.0,1.0,0.0,1000,1000
0190220123610_19-676-1075-1564.jpg,0.0,0.0,0.0,0.0,1.0,1000,1000
0190220123630_4-281-841-1224.jpg,0.0,0.0,0.0,1.0,0.0,1000,1000
0190220123631_49-281-844-1214.jpg,0.0,0.0,0.0,1.0,0.0,1000,1000
0190220123632_65-286-854-1214.jpg,0.0,0.0,0.0,1.0,0.0,1000,1000
0190220123633_86-289-843-1211.jpg,0.0,0.0,0.0,1.0,0.0,1000,1000
0190220123633_86-515-1055-1919.jpg,0.0,0.0,0.0,0.0,1.0,1000,1000
0190220123635_03-283-843-1210.jpg,0.0,0.0,0.0,1.0,0.0,1000,1000
0190220123635_03-506-1067-1918.jpg,0.0,0.0,0.0,1.0,0.0,1000,1000
0190220123642_5-35-430-657.jpg,0.0,0.0,0.0,0.0,1.0,1,1000
0190220123643_83-80-437-750.jpg,0.0,0.0,0.0,0.0,1.0,0,1000
0190220123644_97-97-484-774.jpg,0.0,0.0,0.0,1.0,0.0,1000,1000
0190220123646_1-123-513-808.jpg,0.0,0.0,0.0,0.0,1.0,1,0
0190220123647_19-143-556-855.jpg,0.0,0.0,0.0,0.0,1.0,1,0
0190220123648_32-369-960-1004.jpg,0.0,0.0,0.0,1.0,0.0,1,1
0190220123649_5-200-812-825.jpg,0.0,0.0,0.0,0.0,1.0,0,0
0190220123649_5-425-1052-1004.jpg,0.0,0.0,0.0,0.0,1.0,1,0
0190220123650_71-405-1041-994.jpg,0.0,0.0,0.0,0.0,1.0,1000,1000
0190220123650_71-621-1074-920.jpg,0.0,0.0,0.0,0.0,1.0,1000,1000
0190220123651_97-427-1070-1030.jpg,0.0,0.0,0.0,0.0,1.0,1000,1000
0190220123653_23-469-921-1074.jpg,0.0,0.0,0.0,0.0,1.0,1000,1000
0190220123653_23-640-1051-1075.jpg,0.0,0.0,0.0,0.0,1.0,1000,1000
0190220123653_23-798-1080-1071.jpg,0.0,0.0,0.0,0.0,1.0,1000,1000
0190220123654_48-525-1076-1080.jpg,0.0,0.0,0.0,0.0,1.0,1000,1000
0190220123655_7-623-1080-1112.jpg,0.0,0.0,0.0,0.0,1.0,1000,1000
0190220123658_12-864-1078-1267.jpg,0.0,0.0,0.0,1.0,0.0,1000,1000
0190220123718_66-755-1071-1693.jpg,0.0,0.0,0.0,1.0,0.0,1000,1000
0190220123719_88-800-1071-1666.jpg,0.0,0.0,0.0,1.0,0.0,1000,1000
0190220123721_08-798-1073-1108.jpg,0.0,0.0,0.0,1.0,0.0,1000,1000
0190220123721_08-825-1075-1566.jpg,0.0,0.0,0.0,1.0,0.0,1000,1000
0190220123723_32-378-1074-578.jpg,0.0,0.0,0.0,0.0,1.0,1000,1000
0190220123726_5-302-968-605.jpg,0.0,0.0,0.0,0.0,1.0,1000,1000
0190220123726_5-96-534-718.jpg,0.0,1.0,0.0,0.0,0.0,1000,1000
0190220123727_81-100-502-735.jpg,0.0,0.0,0.0,0.0,1.0,1000,1000
0190220123738_49-103-542-736.jpg,0.0,0.0,0.0,0.0,1.0,0,1
0190220123738_49-26-363-860.jpg,0.0,0.0,0.0,0.0,1.0,1000,1000
0190220123738_49-47-417-844.jpg,0.0,0.0,0.0,0.0,1.0,1000,1000
0190220123738_49-54-441-823.jpg,0.0,0.0,0.0,1.0,0.0,1,0
0190220123739_76-118-554-699.jpg,0.0,0.0,0.0,0.0,1.0,1,1000
0190220123739_76-14-350-949.jpg,0.0,0.0,0.0,0.0,0.0,1000,1000
0190220123739_76-63-492-807.jpg,0.0,0.0,1.0,0.0,0.0,1,0
0190220123741_2-0-0-0.jpg,0.0,0.0,0.0,0.0,0.0,1000,1000
0190221170422_44-483-1004-888.jpg,0.0,0.0,0.0,0.0,0.0,1000,1000
0190221170422_44-647-1070-1605.jpg,0.0,0.0,0.0,1.0,0.0,1000,1000
0190221170424_33-303-821-1246.jpg,0.0,0.0,0.0,1.0,0.0,0,0
0190221170424_33-330-873-1085.jpg,0.0,0.0,0.0,1.0,0.0,1000,1000
0190221170424_33-525-1062-950.jpg,1.0,0.0,0.0,0.0,0.0,1000,0
0190221170424_33-525-1070-1492.jpg,0.0,0.0,0.0,0.0,1.0,1000,1000
0190221170424_33-616-1066-540.jpg,0.0,0.0,0.0,0.0,1.0,0,0
0190221170424_33-807-1080-1168.jpg,0.0,0.0,0.0,1.0,0.0,1000,1000
0190221170424_33-817-1077-1724.jpg,0.0,0.0,0.0,0.0,1.0,1000,1000
0190221170426_04-334-856-1302.jpg,0.0,0.0,0.0,0.0,1.0,0,0
0190221170426_04-360-954-1096.jpg,0.0,0.0,0.0,1.0,0.0,1000,1000
0190221170426_04-572-1071-1620.jpg,0.0,0.0,0.0,0.0,1.0,1000,1000
0190221170426_04-574-1063-954.jpg,0.0,0.0,0.0,0.0,1.0,1,0
0190221170426_04-712-1074-523.jpg,0.0,0.0,0.0,1.0,0.0,0,0
0190221170427_6-20-397-917.jpg,0.0,0.0,0.0,1.0,0.0,0,1000
0190221170427_6-4-311-1095.jpg,0.0,0.0,0.0,0.0,0.0,1000,1000
0190221170427_6-6-298-994.jpg,0.0,0.0,0.0,0.0,1.0,0,0
0190221170427_6-82-444-755.jpg,0.0,0.0,0.0,0.0,1.0,0,0
0190221170428_92-0-300-1085.jpg,0.0,0.0,0.0,0.0,0.0,1000,1000
0190221170428_92-19-328-836.jpg,0.0,0.0,0.0,0.0,1.0,0,0
0190221170428_92-40-421-969.jpg,0.0,0.0,0.0,1.0,0.0,1000,1000
0190221170430_2-1-309-876.jpg,0.0,0.0,0.0,0.0,0.0,1000,1000
0190221170430_2-120-571-1092.jpg,0.0,0.0,0.0,1.0,0.0,1000,1000
0190221170430_2-185-650-753.jpg,0.0,0.0,0.0,0.0,1.0,0,0
0190221170430_2-57-382-983.jpg,0.0,0.0,0.0,0.0,0.0,1000,1000
0190221170430_2-64-292-760.jpg,0.0,0.0,0.0,1.0,0.0,1,0
0190221170431_45-126-632-1116.jpg,0.0,0.0,0.0,0.0,1.0,1000,1000
0190221170431_45-218-706-749.jpg,0.0,0.0,0.0,0.0,1.0,0,0
0190221170431_45-3-336-862.jpg,0.0,0.0,0.0,0.0,0.0,1000,1000
0190221170431_45-64-419-994.jpg,0.0,0.0,0.0,0.0,0.0,1000,1000
0190221170431_45-86-354-771.jpg,0.0,0.0,0.0,1.0,0.0,1,0
0190221170432_82-107-466-785.jpg,0.0,0.0,0.0,1.0,0.0,0,0
0190221170432_82-163-665-1135.jpg,0.0,0.0,0.0,1.0,0.0,1000,1000
0190221170432_82-252-796-723.jpg,0.0,0.0,0.0,1.0,0.0,1,0
0190221170432_82-7-351-856.jpg,0.0,0.0,0.0,1.0,0.0,0,1000
0190221170432_82-89-521-998.jpg,0.0,0.0,1.0,0.0,0.0,1000,0
0190221170434_3-112-589-1008.jpg,0.0,0.0,1.0,0.0,0.0,1,0
0190221170434_3-132-560-779.jpg,0.0,0.0,0.0,0.0,1.0,1,0
0190221170434_3-23-390-1146.jpg,0.0,0.0,0.0,0.0,0.0,1000,1000
0190221170434_3-266-1004-944.jpg,0.0,0.0,1.0,0.0,0.0,0,1000
0190221170434_3-471-1055-1026.jpg,0.0,0.0,0.0,1.0,0.0,1000,1000
0190221170434_3-530-1053-513.jpg,0.0,0.0,0.0,0.0,1.0,1000,1000
0190221170434_3-809-1077-1841.jpg,0.0,0.0,0.0,0.0,1.0,1000,1000
0190221170435_87-130-631-1040.jpg,0.0,0.0,0.0,1.0,0.0,1,1000
0190221170435_87-163-542-761.jpg,0.0,0.0,0.0,0.0,1.0,1,0
0190221170435_87-265-899-908.jpg,0.0,0.0,0.0,0.0,1.0,0,0
0190221170435_87-544-1071-526.jpg,0.0,0.0,0.0,0.0,1.0,1000,1000
0190221170435_87-570-1076-1016.jpg,0.0,1.0,0.0,0.0,0.0,1000,1000
0190221170437_29-154-680-1028.jpg,0.0,0.0,0.0,1.0,0.0,1,0
0190221170437_29-180-677-810.jpg,0.0,0.0,0.0,0.0,1.0,0,0
0190221170437_29-313-923-911.jpg,0.0,1.0,0.0,0.0,0.0,0,0
0190221170437_29-39-393-1116.jpg,0.0,0.0,0.0,0.0,0.0,1000,1000
0190221170437_29-615-1071-1016.jpg,0.0,0.0,0.0,1.0,0.0,1000,1000
0190221170437_29-625-1070-547.jpg,0.0,0.0,0.0,0.0,1.0,0,0
0190221170438_9-15-407-1164.jpg,0.0,0.0,0.0,1.0,0.0,1000,1000
0190221170438_9-208-735-782.jpg,0.0,0.0,0.0,0.0,1.0,0,0
0190221170438_9-367-832-946.jpg,0.0,1.0,0.0,0.0,0.0,0,0
0190221170438_9-471-987-976.jpg,0.0,1.0,0.0,0.0,0.0,1000,1000
0190221170438_9-673-1078-1003.jpg,0.0,1.0,0.0,0.0,0.0,1000,1000
0190221170438_9-723-1080-524.jpg,0.0,0.0,0.0,1.0,0.0,0,0
0190221170440_6-137-601-861.jpg,0.0,0.0,0.0,0.0,1.0,0,0
0190221170440_6-2-259-891.jpg,0.0,0.0,0.0,0.0,1.0,1000,1000
0190221170440_6-411-800-1060.jpg,0.0,0.0,0.0,1.0,0.0,1000,1000
0190221170440_6-473-1065-586.jpg,0.0,0.0,0.0,0.0,1.0,0,1000
0190221170440_6-60-445-1109.jpg,0.0,0.0,0.0,0.0,1.0,1,0
0190221170440_6-616-1077-1104.jpg,0.0,0.0,0.0,1.0,0.0,1000,1000
0190221170440_6-668-1074-1919.jpg,0.0,0.0,0.0,0.0,0.0,1000,1000
0190221170442_25-180-593-883.jpg,0.0,0.0,0.0,0.0,1.0,1,0
0190221170442_25-493-910-1037.jpg,0.0,0.0,0.0,0.0,1.0,1000,1000
0190221170442_25-530-1067-516.jpg,0.0,0.0,0.0,0.0,1.0,1000,1000
0190221170442_25-717-1074-1117.jpg,0.0,0.0,0.0,0.0,1.0,1000,1000
0190221170442_25-80-475-1132.jpg,0.0,0.0,0.0,0.0,1.0,1000,1000
0190221170442_25-9-264-886.jpg,0.0,0.0,0.0,0.0,0.0,1000,1000
0190221170443_78-102-497-1094.jpg,0.0,0.0,0.0,0.0,1.0,1000,1000
0190221170443_78-225-727-911.jpg,0.0,0.0,0.0,0.0,1.0,0,0
0190221170443_78-3-329-887.jpg,0.0,0.0,0.0,1.0,0.0,1000,1000
0190221170443_78-548-1072-1061.jpg,0.0,0.0,0.0,0.0,0.0,1000,1000
0190221170443_78-572-1068-491.jpg,0.0,0.0,0.0,0.0,1.0,0,1000
0190221170443_78-813-1073-1252.jpg,0.0,0.0,0.0,0.0,1.0,1000,1000
0190221170445_42-183-647-892.jpg,0.0,0.0,0.0,0.0,0.0,1000,1000
0190221170445_42-722-1073-1169.jpg,0.0,0.0,0.0,1.0,0.0,1000,1000
0190221170446_88-442-878-1327.jpg,0.0,0.0,0.0,0.0,0.0,1000,1000
0190221170446_88-720-1072-1158.jpg,0.0,0.0,0.0,0.0,0.0,1000,1000
0190221170448_25-311-857-857.jpg,0.0,0.0,0.0,0.0,0.0,1000,1000
0190221170448_25-507-841-1341.jpg,0.0,0.0,0.0,0.0,0.0,1000,1000
0190221170448_25-725-1070-1145.jpg,0.0,0.0,0.0,0.0,0.0,1000,1000
0190221170449_8-380-1020-962.jpg,0.0,0.0,0.0,1.0,0.0,1000,1000
0190221170449_8-497-1072-1496.jpg,0.0,0.0,0.0,0.0,0.0,1000,1000
0190221170449_8-761-1075-1210.jpg,0.0,0.0,0.0,1.0,0.0,1000,1000
0190221170451_05-420-1068-922.jpg,0.0,0.0,0.0,0.0,1.0,1000,1000
0190221170451_05-563-1067-1580.jpg,0.0,0.0,0.0,0.0,1.0,0,0
0190221170451_05-934-1078-1383.jpg,0.0,0.0,0.0,0.0,0.0,1000,1000
0190221170452_28-447-1066-917.jpg,0.0,0.0,0.0,0.0,1.0,1000,1000
0190221170452_28-633-1080-1679.jpg,0.0,0.0,0.0,0.0,1.0,0,1000
0190221170452_28-673-1077-1917.jpg,0.0,0.0,0.0,0.0,1.0,1000,0
0190221170453_45-470-1057-942.jpg,0.0,0.0,0.0,1.0,0.0,1000,1000
0190221170453_45-650-1080-1918.jpg,0.0,0.0,0.0,0.0,0.0,1000,1000
0190221170453_45-747-1080-1841.jpg,0.0,0.0,0.0,0.0,1.0,1,1000
0190221170455_71-457-1071-909.jpg,0.0,0.0,0.0,0.0,1.0,1000,1000
0190221170456_87-529-1065-997.jpg,0.0,0.0,1.0,0.0,0.0,1000,1000
0190221170458_11-605-1077-1074.jpg,0.0,0.0,0.0,0.0,1.0,0,0
0190221170510_15-155-597-559.jpg,0.0,0.0,0.0,1.0,0.0,1000,1000
